
SET XACT_ABORT ON;
SET NOCOUNT ON;

BEGIN TRANSACTION;

SET IDENTITY_INSERT PERSONA ON
INSERT INTO PERSONA (ID_PERSONA, NOMBRES, APELLIDOS, TELEFONO, DIRECCION, EMAIL, SEXO, NACIMIENTO, CI, NACIONALIDAD) 
VALUES (1, 'Justino','Good','84274565','Apartado núm.: 219, 955 Tellus C.','arcu@nisinibhlacinia.edu','F','04-05-1990','28679867','Bolivia');
INSERT INTO PERSONA (ID_PERSONA, NOMBRES, APELLIDOS, TELEFONO, DIRECCION, EMAIL, SEXO, NACIMIENTO, CI, NACIONALIDAD) 
VALUES (2, 'Derek','Keller','17474308','144-1886 Arcu. C/','urna@estarcu.org','F','06-20-1985','15274604','Paraguay');
INSERT INTO PERSONA (ID_PERSONA, NOMBRES, APELLIDOS, TELEFONO, DIRECCION, EMAIL, SEXO, NACIMIENTO, CI, NACIONALIDAD) 
VALUES (3, 'Juan','Burt','77970204','Apdo.:757-7965 Sed Avda.','nisi@quisdiamPellentesque.net','F','10-18-1990','21235904','Bolivia');
INSERT INTO PERSONA (ID_PERSONA, NOMBRES, APELLIDOS, TELEFONO, DIRECCION, EMAIL, SEXO, NACIMIENTO, CI, NACIONALIDAD)
VALUES (4, 'Pedro','Figueroa','20540556','962-1095 Ipsum. C/','dictum@in.com','F','01-01-1985','19349007','Bolivia');
INSERT INTO PERSONA (ID_PERSONA, NOMBRES, APELLIDOS, TELEFONO, DIRECCION, EMAIL, SEXO, NACIMIENTO, CI, NACIONALIDAD) 
VALUES (5, 'Kennedy','Flowers','32915338','488-5346 Elit C/','vulputate.ullamcorper.magna@adipiscin.edu','F','09-08-1985','46967095','Bolivia');
INSERT INTO PERSONA (ID_PERSONA, NOMBRES, APELLIDOS, TELEFONO, DIRECCION, EMAIL, SEXO, NACIMIENTO, CI, NACIONALIDAD) 
VALUES (6, 'Clarke','Fischer','91719168','Apdo.:321-5229 Sed Calle','Lorem.ipsum.dolor@magnaSuspendisse.org','F','10-27-1985','45794244','Guinea');
INSERT INTO PERSONA (ID_PERSONA, NOMBRES, APELLIDOS, TELEFONO, DIRECCION, EMAIL, SEXO, NACIMIENTO, CI, NACIONALIDAD) 
VALUES (7, 'Jaime','Carroll','50965507','7774 Lectus Avda.','sit@euligulaAenean.org','F','11-17-1990','6427064','Tunisia');
INSERT INTO PERSONA (ID_PERSONA, NOMBRES, APELLIDOS, TELEFONO, DIRECCION, EMAIL, SEXO, NACIMIENTO, CI, NACIONALIDAD) 
VALUES (8, 'Martin','Rivera','82756464','350-2364 Orci Carretera','pede@velit.co.uk','F','08-04-1990','41048272','Bolivia');
INSERT INTO PERSONA (ID_PERSONA, NOMBRES, APELLIDOS, TELEFONO, DIRECCION, EMAIL, SEXO, NACIMIENTO, CI, NACIONALIDAD) 
VALUES (9, 'Acton','Estrada','61408963','8224 Purus Avda.','Suspendisse@luctusfelispurus.ca','F','06-23-1985','12031291','Bolivia');
INSERT INTO PERSONA (ID_PERSONA, NOMBRES, APELLIDOS, TELEFONO, DIRECCION, EMAIL, SEXO, NACIMIENTO, CI, NACIONALIDAD) 
VALUES (10, 'Tanya','Haley','31656885','Apartado núm.: 169, 1656 Donec Avenida','Etiam@nequevitaesemper.co.uk','F','12-03-1990','6994080','Bolivia');
INSERT INTO PERSONA (ID_PERSONA, NOMBRES, APELLIDOS, TELEFONO, DIRECCION, EMAIL, SEXO, NACIMIENTO, CI, NACIONALIDAD) 
VALUES (11, 'Tatyana','Hickman','87234884','Apartado núm.: 950, 8621 Pellentesque Avenida','urna.et@sed.ca','M','11-12-1990','5679479','Bolivia');
INSERT INTO PERSONA (ID_PERSONA, NOMBRES, APELLIDOS, TELEFONO, DIRECCION, EMAIL, SEXO, NACIMIENTO, CI, NACIONALIDAD) 
VALUES (12, 'Kyle','Farrell','71197255','Apdo.:955-6766 Felis Carretera','nulla.In@elementumsem.net','M','12-25-1990','17047835','Bolivia');
INSERT INTO PERSONA (ID_PERSONA, NOMBRES, APELLIDOS, TELEFONO, DIRECCION, EMAIL, SEXO, NACIMIENTO, CI, NACIONALIDAD) 
VALUES (13, 'Raphael','Kim','54328736','Apartado núm.: 532, 4903 Duis C/','In.ornare@sitamet.org','M','11-24-1990','44564950','Congo (Bolivia)');
INSERT INTO PERSONA (ID_PERSONA, NOMBRES, APELLIDOS, TELEFONO, DIRECCION, EMAIL, SEXO, NACIMIENTO, CI, NACIONALIDAD) 
VALUES (14, 'Paloma','Ferrell','59870995','4164 Fusce ','Proin.ultrices@risusatfringilla.com','M','01-12-1990','41572240','Bolivia');
INSERT INTO PERSONA (ID_PERSONA, NOMBRES, APELLIDOS, TELEFONO, DIRECCION, EMAIL, SEXO, NACIMIENTO, CI, NACIONALIDAD) 
VALUES (15, 'Brandon','Curtis','68362843','Apdo.:574-7191 Ut, Ctra.','eget@imperdietullamcorper.net','M','04-30-1990','19394315','Bolivia');
INSERT INTO PERSONA (ID_PERSONA, NOMBRES, APELLIDOS, TELEFONO, DIRECCION, EMAIL, SEXO, NACIMIENTO, CI, NACIONALIDAD) 
VALUES (16, 'Sergio','Stein','14933588','Apartado núm.: 995, 972 Orci Ctra.','mauris@nislNulla.co.uk','M','05-30-1990','29358798','Dominican Republic');
INSERT INTO PERSONA (ID_PERSONA, NOMBRES, APELLIDOS, TELEFONO, DIRECCION, EMAIL, SEXO, NACIMIENTO, CI, NACIONALIDAD) 
VALUES (17, 'Meghan','Phillips','41997452','402-4214 Justo. Calle','mollis@neceuismodin.edu','M','08-30-1990','9743599','Bolivia');
INSERT INTO PERSONA (ID_PERSONA, NOMBRES, APELLIDOS, TELEFONO, DIRECCION, EMAIL, SEXO, NACIMIENTO, CI, NACIONALIDAD) 
VALUES (18, 'Emmanuel','Hansen','26180139','Apartado núm.: 664, 1763 Sapien, Ctra.','non.dui@estac.net','M','03-17-1990','44463174','Bolivia');
INSERT INTO PERSONA (ID_PERSONA, NOMBRES, APELLIDOS, TELEFONO, DIRECCION, EMAIL, SEXO, NACIMIENTO, CI, NACIONALIDAD) 
VALUES (19, 'Francesca','Lang','33514013','916-8067 Enim, Avenida','est.arcu@Donecest.edu','M','03-12-1985','26897822','Bolivia');
INSERT INTO PERSONA (ID_PERSONA, NOMBRES, APELLIDOS, TELEFONO, DIRECCION, EMAIL, SEXO, NACIMIENTO, CI, NACIONALIDAD) 
VALUES (20, 'Zorita','Frederick','91324564','Apdo.:518-9258 Mauris Avenida','malesuada@arcueu.edu','M','05-11-1985','9890011','Bolivia');
INSERT INTO PERSONA (ID_PERSONA, NOMBRES, APELLIDOS, TELEFONO, DIRECCION, EMAIL, SEXO, NACIMIENTO, CI, NACIONALIDAD) 
VALUES (21, 'Hayley','Harrison','09186874','386-3775 Facilisis. Avenida','ligula@turpisnec.edu','F','12-05-1990','47339781','Serbia');
INSERT INTO PERSONA (ID_PERSONA, NOMBRES, APELLIDOS, TELEFONO, DIRECCION, EMAIL, SEXO, NACIMIENTO, CI, NACIONALIDAD)
VALUES (22, 'Colby','Moon','41257592','Apartado núm.: 532, 7363 Quisque C.','ut@porttitorscelerisqueneque.com','F','01-31-1980','32056129','Bolivia');
INSERT INTO PERSONA (ID_PERSONA, NOMBRES, APELLIDOS, TELEFONO, DIRECCION, EMAIL, SEXO, NACIMIENTO, CI, NACIONALIDAD) 
VALUES (23, 'Mason','Marquez','70226874','Apdo.:712-8186 Molestie Avda.','vitae.aliquet.nec@vitae.net','F','03-30-1983','30206367','Indonesia');
INSERT INTO PERSONA (ID_PERSONA, NOMBRES, APELLIDOS, TELEFONO, DIRECCION, EMAIL, SEXO, NACIMIENTO, CI, NACIONALIDAD) 
VALUES (24, 'Iona','Terry','07998319','881-5482 Leo, Avda.','dolor.dapibus.gravida@IntegerurnaVivamus.ca','F','06-06-1990','47312979','Estonia');
INSERT INTO PERSONA (ID_PERSONA, NOMBRES, APELLIDOS, TELEFONO, DIRECCION, EMAIL, SEXO, NACIMIENTO, CI, NACIONALIDAD) 
VALUES (25, 'Wynter','Best','96215376','Apartado núm.: 505, 2391 Orci, Avda.','lorem.vitae@vulputatemaurissagittis.ca','F','02-24-1990','6882586','Bolivia');
INSERT INTO PERSONA (ID_PERSONA, NOMBRES, APELLIDOS, TELEFONO, DIRECCION, EMAIL, SEXO, NACIMIENTO, CI, NACIONALIDAD) 
VALUES (26, 'Juan','Glass','51280544','388-7140 Morbi C.','ante@enim.org','F','12-28-1990','22743752','Bolivia');
INSERT INTO PERSONA (ID_PERSONA, NOMBRES, APELLIDOS, TELEFONO, DIRECCION, EMAIL, SEXO, NACIMIENTO, CI, NACIONALIDAD) 
VALUES (27, 'Shaeleigh','Avila','63115718','986 Nonummy. Avenida','at.arcu.Vestibulum@Proinvelit.edu','F','09-08-1985','11909261','Bolivia');
INSERT INTO PERSONA (ID_PERSONA, NOMBRES, APELLIDOS, TELEFONO, DIRECCION, EMAIL, SEXO, NACIMIENTO, CI, NACIONALIDAD) 
VALUES (28, 'Blaze','Owens','66611592','Apdo.:467-6168 Ante Ctra.','vehicula.aliquet@malesuada.ca','F','03-11-1985','48700743','Bolivia');
INSERT INTO PERSONA (ID_PERSONA, NOMBRES, APELLIDOS, TELEFONO, DIRECCION, EMAIL, SEXO, NACIMIENTO, CI, NACIONALIDAD) 
VALUES (29, 'Kiona','Shelton','13607109','277-3063 Ligula C/','adipiscing@Pellentesquehabitantmorbi.ca','F','12-14-1985','44242451','Bolivia');
INSERT INTO PERSONA (ID_PERSONA, NOMBRES, APELLIDOS, TELEFONO, DIRECCION, EMAIL, SEXO, NACIMIENTO, CI, NACIONALIDAD) 
VALUES (30, 'Pamela','Shelton','81581773','207-828 Sagittis Ctra.','eu@ullamcorper.ca','F','12-02-1985','12945577','Bolivia');
INSERT INTO PERSONA (ID_PERSONA, NOMBRES, APELLIDOS, TELEFONO, DIRECCION, EMAIL, SEXO, NACIMIENTO, CI, NACIONALIDAD) 
VALUES (31, 'Melyssa','Pugh','34188974','906-7012 Turpis. C.','mauris.ipsum@magnaLorem.com','M','07-30-1990','16032913','Bolivia');
INSERT INTO PERSONA (ID_PERSONA, NOMBRES, APELLIDOS, TELEFONO, DIRECCION, EMAIL, SEXO, NACIMIENTO, CI, NACIONALIDAD) 
VALUES (32, 'Christian','Merritt','20344257','4416 Dolor Carretera','ornare.Fusce.mollis@parturientmontesnascetur.ca','M','06-18-1990','41217878','Bolivia');
INSERT INTO PERSONA (ID_PERSONA, NOMBRES, APELLIDOS, TELEFONO, DIRECCION, EMAIL, SEXO, NACIMIENTO, CI, NACIONALIDAD) 
VALUES (33, 'Pedro','Harris','86561524','Apdo.:271-6176 Ut Avenida','Cras.dolor@purus.co.uk','M','08-12-1985','27182889','Bolivia');
INSERT INTO PERSONA (ID_PERSONA, NOMBRES, APELLIDOS, TELEFONO, DIRECCION, EMAIL, SEXO, NACIMIENTO, CI, NACIONALIDAD) 
VALUES (34, 'Emerald','Watts','68816252','Apartado núm.: 501, 7531 Sed, Ctra.','lectus.convallis@risusDuisa.co.uk','M','03-12-1990','13694096','Bolivia');
INSERT INTO PERSONA (ID_PERSONA, NOMBRES, APELLIDOS, TELEFONO, DIRECCION, EMAIL, SEXO, NACIMIENTO, CI, NACIONALIDAD) 
VALUES (35, 'Kimberly','Roy','76625088','7281 Magnis Av.','mollis@euismod.org','M','02-26-1990','35825511','Uganda');
INSERT INTO PERSONA (ID_PERSONA, NOMBRES, APELLIDOS, TELEFONO, DIRECCION, EMAIL, SEXO, NACIMIENTO, CI, NACIONALIDAD) 
VALUES (36, 'Timon','Mcdonald','24541506','2525 Aliquam C.','vitae@natoquepenatibuset.ca','M','10-22-1985','23415049','Georgia');
INSERT INTO PERSONA (ID_PERSONA, NOMBRES, APELLIDOS, TELEFONO, DIRECCION, EMAIL, SEXO, NACIMIENTO, CI, NACIONALIDAD) 
VALUES (37, 'Guy','Rodriguez','34296393','Apartado núm.: 928, 476 Dapibus Carretera','Donec@Morbi.ca','M','06-05-1985','27864870','Guatemala');
INSERT INTO PERSONA (ID_PERSONA, NOMBRES, APELLIDOS, TELEFONO, DIRECCION, EMAIL, SEXO, NACIMIENTO, CI, NACIONALIDAD) 
VALUES (38, 'Omar','Gill','05615028','277-3760 A Ctra.','ornare@ipsumnunc.ca','M','06-22-1990','34612079','Bolivia');
INSERT INTO PERSONA (ID_PERSONA, NOMBRES, APELLIDOS, TELEFONO, DIRECCION, EMAIL, SEXO, NACIMIENTO, CI, NACIONALIDAD) 
VALUES (39, 'Julie','Small','93293772','213-433 Arcu. C/','turpis@elementumloremut.co.uk','M','05-25-1981','30093105','Tunisia');
INSERT INTO PERSONA (ID_PERSONA, NOMBRES, APELLIDOS, TELEFONO, DIRECCION, EMAIL, SEXO, NACIMIENTO, CI, NACIONALIDAD) 
VALUES (40, 'Cadman','Delgado','33309255','Apdo.:704-9166 Ornare, ','gravida.nunc@dapibusligulaAliquam.edu','M','09-28-1989','7907242','Bolivia');
INSERT INTO PERSONA (ID_PERSONA, NOMBRES, APELLIDOS, TELEFONO, DIRECCION, EMAIL, SEXO, NACIMIENTO, CI, NACIONALIDAD) 
VALUES (41, 'Xena','Clayton','89307069','8581 Lacinia Avda.','consectetuer@Intincidunt.com','F','04-24-1979','28334373','Bolivia');
INSERT INTO PERSONA (ID_PERSONA, NOMBRES, APELLIDOS, TELEFONO, DIRECCION, EMAIL, SEXO, NACIMIENTO, CI, NACIONALIDAD) 
VALUES (42, 'Madeson','Oliver','80093620','Apdo.:512-724 Sagittis Avenida','a@purusaccumsan.edu','F','10-22-1983','16593602','Bolivia');
INSERT INTO PERSONA (ID_PERSONA, NOMBRES, APELLIDOS, TELEFONO, DIRECCION, EMAIL, SEXO, NACIMIENTO, CI, NACIONALIDAD) 
VALUES (43, 'Sigourney','Bernard','63332806','212 Mus. Ctra.','ridiculus@nonnisi.org','F','12-03-1982','26372599','Bolivia');
INSERT INTO PERSONA (ID_PERSONA, NOMBRES, APELLIDOS, TELEFONO, DIRECCION, EMAIL, SEXO, NACIMIENTO, CI, NACIONALIDAD) 
VALUES (44, 'Chelsea','Sutton','97820995','1130 Consectetuer Avenida','placerat@magnaet.edu','F','03-28-1987','37691878','Bolivia');
INSERT INTO PERSONA (ID_PERSONA, NOMBRES, APELLIDOS, TELEFONO, DIRECCION, EMAIL, SEXO, NACIMIENTO, CI, NACIONALIDAD) 
VALUES (45, 'Ariel','Anderson','79402312','Apdo.:375-9579 Amet C/','sem@etmagnis.com','F','02-25-1985','46512639','Guatemala');
INSERT INTO PERSONA (ID_PERSONA, NOMBRES, APELLIDOS, TELEFONO, DIRECCION, EMAIL, SEXO, NACIMIENTO, CI, NACIONALIDAD) 
VALUES (46, 'Inez','Ryan','06078900','348-1068 Vivamus Av.','ipsum.primis@ornarelectus.org','F','07-12-1986','9220906','Bolivia');
INSERT INTO PERSONA (ID_PERSONA, NOMBRES, APELLIDOS, TELEFONO, DIRECCION, EMAIL, SEXO, NACIMIENTO, CI, NACIONALIDAD) 
VALUES (47, 'Cheyenne','Douglas','36988241','1037 A, C.','pede.blandit.congue@Suspendisseeleifend.com','F','08-18-1985','9213258','Bolivia');
INSERT INTO PERSONA (ID_PERSONA, NOMBRES, APELLIDOS, TELEFONO, DIRECCION, EMAIL, SEXO, NACIMIENTO, CI, NACIONALIDAD) 
VALUES (48, 'Lester','Bullock','56460536','787-1143 Neque C.','auctor@temporeratneque.edu','F','09-17-1981','45434517','Bolivia');
INSERT INTO PERSONA (ID_PERSONA, NOMBRES, APELLIDOS, TELEFONO, DIRECCION, EMAIL, SEXO, NACIMIENTO, CI, NACIONALIDAD) 
VALUES (49, 'Mary','Whitehead','52277270','Apartado núm.: 277, 9265 Nulla Calle','convallis.ligula.Donec@nequeInornare.ca','F','01-29-1987','7430915','Bolivia');
INSERT INTO PERSONA (ID_PERSONA, NOMBRES, APELLIDOS, TELEFONO, DIRECCION, EMAIL, SEXO, NACIMIENTO, CI, NACIONALIDAD) 
VALUES (50, 'Belle','Adkins','13660887','506-7353 Quis, Avda.','Vivamus.nibh@lectusante.edu','F','12-09-1985','30705625','Bolivia');
INSERT INTO PERSONA (ID_PERSONA, NOMBRES, APELLIDOS, TELEFONO, DIRECCION, EMAIL, SEXO, NACIMIENTO, CI, NACIONALIDAD) 
VALUES (51, 'Wylie','Henderson','00601084','4998 Fusce Carretera','Aliquam.nisl@semperegestasurna.net','M','07-02-1990','18081708','Bolivia');
INSERT INTO PERSONA (ID_PERSONA, NOMBRES, APELLIDOS, TELEFONO, DIRECCION, EMAIL, SEXO, NACIMIENTO, CI, NACIONALIDAD) 
VALUES (52, 'Talon','Horne','22187812','594-7332 Auctor. Calle','cursus.purus.Nullam@ut.org','M','06-01-1985','34490032','Montserrat');
INSERT INTO PERSONA (ID_PERSONA, NOMBRES, APELLIDOS, TELEFONO, DIRECCION, EMAIL, SEXO, NACIMIENTO, CI, NACIONALIDAD) 
VALUES (53, 'Hanae','Mcdowell','08688321','443-8299 Ipsum ','tincidunt@Classaptent.ca','M','03-02-1985','49697535','Bolivia');
INSERT INTO PERSONA (ID_PERSONA, NOMBRES, APELLIDOS, TELEFONO, DIRECCION, EMAIL, SEXO, NACIMIENTO, CI, NACIONALIDAD) 
VALUES (54, 'Yolanda','Huber','84452921','Apartado núm.: 437, 5930 Dictum Avenida','ligula.Aliquam@diam.org','M','10-16-1985','10122561','Bolivia');
INSERT INTO PERSONA (ID_PERSONA, NOMBRES, APELLIDOS, TELEFONO, DIRECCION, EMAIL, SEXO, NACIMIENTO, CI, NACIONALIDAD) 
VALUES (55, 'Blaze','Harvey','81969064','Apdo.:172-4718 Donec Carretera','sapien@Crasdictum.edu','M','11-03-1985','36282843','Israel');
INSERT INTO PERSONA (ID_PERSONA, NOMBRES, APELLIDOS, TELEFONO, DIRECCION, EMAIL, SEXO, NACIMIENTO, CI, NACIONALIDAD) 
VALUES (56, 'Sharon','Madden','86242266','Apdo.:406-3774 Ante C/','dapibus.quam@Sed.ca','M','08-07-1990','45846868','Gabon');
INSERT INTO PERSONA (ID_PERSONA, NOMBRES, APELLIDOS, TELEFONO, DIRECCION, EMAIL, SEXO, NACIMIENTO, CI, NACIONALIDAD) 
VALUES (57, 'Courtney','Pace','19698331','706-9867 Libero Av.','tristique@rutrum.ca','M','11-20-1985','43475234','Bolivia');
INSERT INTO PERSONA (ID_PERSONA, NOMBRES, APELLIDOS, TELEFONO, DIRECCION, EMAIL, SEXO, NACIMIENTO, CI, NACIONALIDAD) 
VALUES (58, 'Janna','Pate','12483490','9975 Vitae Ctra.','Aenean.sed@et.org','M','12-12-1985','22701068','Bolivia');
INSERT INTO PERSONA (ID_PERSONA, NOMBRES, APELLIDOS, TELEFONO, DIRECCION, EMAIL, SEXO, NACIMIENTO, CI, NACIONALIDAD) 
VALUES (59, 'Germane','Adams','69483992','460-4730 Integer Carretera','cursus.et@urna.co.uk','M','01-10-1985','31964780','Bolivia');
INSERT INTO PERSONA (ID_PERSONA, NOMBRES, APELLIDOS, TELEFONO, DIRECCION, EMAIL, SEXO, NACIMIENTO, CI, NACIONALIDAD) 
VALUES (60, 'Raja','Cantu','48995220','534-1268 Turpis. Carretera','in.faucibus@atpretiumaliquet.ca','M','08-03-1990','5297161','Bolivia');
INSERT INTO PERSONA (ID_PERSONA, NOMBRES, APELLIDOS, TELEFONO, DIRECCION, EMAIL, SEXO, NACIMIENTO, CI, NACIONALIDAD) 
VALUES (61, 'Alberto','Schroeder','00107274','2673 Nam Ctra.','interdum.libero@aliquamiaculis.co.uk','F','08-11-1990','11375498','Bolivia');
INSERT INTO PERSONA (ID_PERSONA, NOMBRES, APELLIDOS, TELEFONO, DIRECCION, EMAIL, SEXO, NACIMIENTO, CI, NACIONALIDAD) 
VALUES (62, 'Kaden','Mcclain','77960459','Apdo.:131-4072 Nibh. Av.','lobortis.Class.aptent@dapibusquam.co.uk','F','08-10-1985','13398504','Bolivia');
INSERT INTO PERSONA (ID_PERSONA, NOMBRES, APELLIDOS, TELEFONO, DIRECCION, EMAIL, SEXO, NACIMIENTO, CI, NACIONALIDAD) 
VALUES (63, 'Xander','Briggs','21095163','2650 Erat C.','Quisque@elitpede.com','F','08-19-1980','41819656','Bolivia');
INSERT INTO PERSONA (ID_PERSONA, NOMBRES, APELLIDOS, TELEFONO, DIRECCION, EMAIL, SEXO, NACIMIENTO, CI, NACIONALIDAD) 
VALUES (64, 'Jana','Garrett','91451186','Apartado núm.: 390, 3143 In C/','nisl.elementum@libero.com','F','03-07-1985','27143894','Brazil');
INSERT INTO PERSONA (ID_PERSONA, NOMBRES, APELLIDOS, TELEFONO, DIRECCION, EMAIL, SEXO, NACIMIENTO, CI, NACIONALIDAD) 
VALUES (65, 'Sybil','Serrano','00967627','Apdo.:306-4261 Consequat Calle','dis.parturient@risusDonecegestas.net','F','10-06-1985','6402676','Brazil');
INSERT INTO PERSONA (ID_PERSONA, NOMBRES, APELLIDOS, TELEFONO, DIRECCION, EMAIL, SEXO, NACIMIENTO, CI, NACIONALIDAD)
VALUES (66, 'Hillary','Mercer','10026938','Apartado núm.: 542, 4030 Pede ','lorem.Donec@Namnullamagna.ca','F','12-07-1985','37034347','Brazil');
INSERT INTO PERSONA (ID_PERSONA, NOMBRES, APELLIDOS, TELEFONO, DIRECCION, EMAIL, SEXO, NACIMIENTO, CI, NACIONALIDAD) 
VALUES (67, 'Kathleen','Mullins','78853360','766-3409 Cras Avenida','tempor.diam.dictum@eu.edu','F','01-02-1987','44435603','Brazil');
INSERT INTO PERSONA (ID_PERSONA, NOMBRES, APELLIDOS, TELEFONO, DIRECCION, EMAIL, SEXO, NACIMIENTO, CI, NACIONALIDAD) 
VALUES (68, 'Otto','Chen','62094394','2941 Nullam Calle','dictum.eu.placerat@sed.net','F','11-28-1985','11329447','Jamaica');
INSERT INTO PERSONA (ID_PERSONA, NOMBRES, APELLIDOS, TELEFONO, DIRECCION, EMAIL, SEXO, NACIMIENTO, CI, NACIONALIDAD) 
VALUES (69, 'Odette','Zimmerman','62630430','Apdo.:626-1676 Nunc Ctra.','magnis@aliquamenimnec.org','F','05-09-1985','21164113','Cuba');
INSERT INTO PERSONA (ID_PERSONA, NOMBRES, APELLIDOS, TELEFONO, DIRECCION, EMAIL, SEXO, NACIMIENTO, CI, NACIONALIDAD) 
VALUES (70, 'Ivy','Gonzales','30876466','800-4787 In Av.','cursus.et.eros@mienimcondimentum.org','F','12-05-1985','41964662','Honduras');
INSERT INTO PERSONA (ID_PERSONA, NOMBRES, APELLIDOS, TELEFONO, DIRECCION, EMAIL, SEXO, NACIMIENTO, CI, NACIONALIDAD) 
VALUES (71, 'Ursa','Osborne','88604119','Apartado núm.: 790, 4366 Ante Av.','arcu.iaculis.enim@consequatlectus.co.uk','M','04-09-1990','43658533','Bolivia');
INSERT INTO PERSONA (ID_PERSONA, NOMBRES, APELLIDOS, TELEFONO, DIRECCION, EMAIL, SEXO, NACIMIENTO, CI, NACIONALIDAD) 
VALUES (72, 'Amber','Melton','03464666','Apartado núm.: 661, 1106 Ut, Ctra.','sit.amet.faucibus@amet.edu','M','07-21-1990','27638194','Bolivia');
INSERT INTO PERSONA (ID_PERSONA, NOMBRES, APELLIDOS, TELEFONO, DIRECCION, EMAIL, SEXO, NACIMIENTO, CI, NACIONALIDAD) 
VALUES (73, 'Castor','Vega','96856053','Apdo.:109-2960 Placerat, C.','magna@tempuseu.edu','M','12-03-1985','48574591','Bolivia');
INSERT INTO PERSONA (ID_PERSONA, NOMBRES, APELLIDOS, TELEFONO, DIRECCION, EMAIL, SEXO, NACIMIENTO, CI, NACIONALIDAD) 
VALUES (74, 'Ciaran','William','26540905','982-8454 Sagittis C/','primis.in@congue.com','M','07-18-1990','43856169','France');
INSERT INTO PERSONA (ID_PERSONA, NOMBRES, APELLIDOS, TELEFONO, DIRECCION, EMAIL, SEXO, NACIMIENTO, CI, NACIONALIDAD) 
VALUES (75, 'Nissim','Salas','34432231','Apartado núm.: 698, 7072 Cursus. Ctra.','rutrum@laoreetipsum.ca','M','05-08-1990','12873033','Bolivia');
INSERT INTO PERSONA (ID_PERSONA, NOMBRES, APELLIDOS, TELEFONO, DIRECCION, EMAIL, SEXO, NACIMIENTO, CI, NACIONALIDAD) 
VALUES (76, 'Rashad','Park','56297783','Apdo.:354-9819 Ipsum Avda.','ligula.Nullam.feugiat@Maurisvestibulumneque.net','M','01-13-1987','45599566','India');
INSERT INTO PERSONA (ID_PERSONA, NOMBRES, APELLIDOS, TELEFONO, DIRECCION, EMAIL, SEXO, NACIMIENTO, CI, NACIONALIDAD) 
VALUES (77, 'Emerson','Hester','83212295','Apdo.:776-9925 Ornare Calle','adipiscing.elit@turpisnonenim.co.uk','M','05-22-1990','8724971','Bolivia');
INSERT INTO PERSONA (ID_PERSONA, NOMBRES, APELLIDOS, TELEFONO, DIRECCION, EMAIL, SEXO, NACIMIENTO, CI, NACIONALIDAD) 
VALUES (78, 'Rahim','Hunter','82420745','Apdo.:787-9824 Tempor Carretera','magna.Suspendisse.tristique@ac.ca','M','04-14-1990','27055958','Bolivia');
INSERT INTO PERSONA (ID_PERSONA, NOMBRES, APELLIDOS, TELEFONO, DIRECCION, EMAIL, SEXO, NACIMIENTO, CI, NACIONALIDAD) 
VALUES (79, 'Shaine','Dejesus','75030243','9555 Egestas Avda.','Aliquam.erat.volutpat@elitEtiamlaoreet.com','M','11-01-1987','16858763','Bolivia');
INSERT INTO PERSONA (ID_PERSONA, NOMBRES, APELLIDOS, TELEFONO, DIRECCION, EMAIL, SEXO, NACIMIENTO, CI, NACIONALIDAD) 
VALUES (80, 'Samuel','Bentley','74770399','157 Nulla Ctra.','a.enim.Suspendisse@rutrumeu.co.uk','M','12-11-1985','32978166','Equatorial Guinea');
INSERT INTO PERSONA (ID_PERSONA, NOMBRES, APELLIDOS, TELEFONO, DIRECCION, EMAIL, SEXO, NACIMIENTO, CI, NACIONALIDAD) 
VALUES (81, 'Vanna','Washington','86914356','7948 Amet Avenida','ligula.eu.enim@utpharetrased.edu','F','09-24-1984','16562787','Wallis and Futuna');
INSERT INTO PERSONA (ID_PERSONA, NOMBRES, APELLIDOS, TELEFONO, DIRECCION, EMAIL, SEXO, NACIMIENTO, CI, NACIONALIDAD) 
VALUES (82, 'Mallory','Castro','21403804','611-6974 Vehicula Avda.','dictum.augue.malesuada@Nullafacilisi.edu','F','11-14-1990','43746267','Saint Pierre and Miquelon');
INSERT INTO PERSONA (ID_PERSONA, NOMBRES, APELLIDOS, TELEFONO, DIRECCION, EMAIL, SEXO, NACIMIENTO, CI, NACIONALIDAD) 
VALUES (83, 'Whitney','Nolan','56869958','1725 Nullam ','fermentum.risus@iaculis.net','F','09-26-1985','40086223','Faroe Islands');
INSERT INTO PERSONA (ID_PERSONA, NOMBRES, APELLIDOS, TELEFONO, DIRECCION, EMAIL, SEXO, NACIMIENTO, CI, NACIONALIDAD) 
VALUES (84, 'Julian','Owen','78847069','351 Habitant Calle','vitae.purus.gravida@senectusetnetus.edu','F','01-03-1990','16732103','Turkey');
INSERT INTO PERSONA (ID_PERSONA, NOMBRES, APELLIDOS, TELEFONO, DIRECCION, EMAIL, SEXO, NACIMIENTO, CI, NACIONALIDAD) 
VALUES (85, 'Ali','Mccarthy','34454251','Apdo.:864-6901 Urna Avenida','magnis@interdum.net','F','06-02-1985','43664454','Korea, South');
INSERT INTO PERSONA (ID_PERSONA, NOMBRES, APELLIDOS, TELEFONO, DIRECCION, EMAIL, SEXO, NACIMIENTO, CI, NACIONALIDAD) 
VALUES (86, 'Buckminster','England','31474394','390-9493 Elit, Avenida','magna.Sed.eu@convallisdolor.com','F','11-27-1990','10060422','Bolivia');
INSERT INTO PERSONA (ID_PERSONA, NOMBRES, APELLIDOS, TELEFONO, DIRECCION, EMAIL, SEXO, NACIMIENTO, CI, NACIONALIDAD) 
VALUES (87, 'Cherokee','Beard','70200221','505-1535 Quisque Calle','In@dapibusid.edu','F','12-04-1990','27955500','Uruguay');
INSERT INTO PERSONA (ID_PERSONA, NOMBRES, APELLIDOS, TELEFONO, DIRECCION, EMAIL, SEXO, NACIMIENTO, CI, NACIONALIDAD) 
VALUES (88, 'Quintessa','Barnett','57773855','2851 Luctus, Calle','dapibus@sitametornare.org','F','05-11-1985','34548551','Antigua and Barbuda');
INSERT INTO PERSONA (ID_PERSONA, NOMBRES, APELLIDOS, TELEFONO, DIRECCION, EMAIL, SEXO, NACIMIENTO, CI, NACIONALIDAD) 
VALUES (89, 'Daquan','Mckinney','32378910','Apdo.:400-6511 In, Carretera','ligula.tortor.dictum@Donec.ca','F','07-26-1990','25479972','Bolivia');
INSERT INTO PERSONA (ID_PERSONA, NOMBRES, APELLIDOS, TELEFONO, DIRECCION, EMAIL, SEXO, NACIMIENTO, CI, NACIONALIDAD) 
VALUES (90, 'Carlos','Meadows','91937058','Apartado núm.: 580, 9911 Cras ','elit@dui.ca','F','02-01-1985','43326795','Australia');
INSERT INTO PERSONA (ID_PERSONA, NOMBRES, APELLIDOS, TELEFONO, DIRECCION, EMAIL, SEXO, NACIMIENTO, CI, NACIONALIDAD) 
VALUES (91, 'Daria','Mccarty','76114662','Apdo.:704-5836 Cum Carretera','eleifend.non.dapibus@maurissitamet.org','M','12-06-1985','41853421','Cambodia');
INSERT INTO PERSONA (ID_PERSONA, NOMBRES, APELLIDOS, TELEFONO, DIRECCION, EMAIL, SEXO, NACIMIENTO, CI, NACIONALIDAD) 
VALUES (92, 'Marah','Kelley','83790030','2093 Mollis Carretera','enim.nisl@porttitoreros.net','M','02-07-1990','49886220','Suriname');
INSERT INTO PERSONA (ID_PERSONA, NOMBRES, APELLIDOS, TELEFONO, DIRECCION, EMAIL, SEXO, NACIMIENTO, CI, NACIONALIDAD) 
VALUES (93, 'Prescott','Berger','25878125','Apartado núm.: 161, 761 Ac C/','mi@lacusvestibulum.co.uk','M','08-02-1990','45976035','South Sudan');
INSERT INTO PERSONA (ID_PERSONA, NOMBRES, APELLIDOS, TELEFONO, DIRECCION, EMAIL, SEXO, NACIMIENTO, CI, NACIONALIDAD) 
VALUES (94, 'Brenden','Dominguez','10386851','8662 Pellentesque Carretera','tincidunt.orci.quis@velit.net','M','01-30-1987','24515139','Montserrat');
INSERT INTO PERSONA (ID_PERSONA, NOMBRES, APELLIDOS, TELEFONO, DIRECCION, EMAIL, SEXO, NACIMIENTO, CI, NACIONALIDAD) 
VALUES (95, 'Robert','Small','32417184','Apdo.:250-5759 Nam C.','Nullam.nisl@atrisus.ca','M','08-05-1985','13008087','Saint Barthélemy');
INSERT INTO PERSONA (ID_PERSONA, NOMBRES, APELLIDOS, TELEFONO, DIRECCION, EMAIL, SEXO, NACIMIENTO, CI, NACIONALIDAD) 
VALUES (96, 'Erich','Rodriquez','58360306','Apdo.:582-6399 Ante Ctra.','quam.elementum@arcuVestibulumante.edu','M','12-06-1985','44475576','Nicaragua');
INSERT INTO PERSONA (ID_PERSONA, NOMBRES, APELLIDOS, TELEFONO, DIRECCION, EMAIL, SEXO, NACIMIENTO, CI, NACIONALIDAD) 
VALUES (97, 'Stuart','Cook','81345463','Apartado núm.: 154, 8470 Sem Carretera','sit.amet.orci@Maecenasmifelis.ca','M','12-12-1990','44516750','Bolivia');
INSERT INTO PERSONA (ID_PERSONA, NOMBRES, APELLIDOS, TELEFONO, DIRECCION, EMAIL, SEXO, NACIMIENTO, CI, NACIONALIDAD) 
VALUES (98, 'Brianna','White','43712890','2920 Ullamcorper, Calle','gravida@orciin.org','M','09-05-1985','9848249','Virgin Islands, British');
INSERT INTO PERSONA (ID_PERSONA, NOMBRES, APELLIDOS, TELEFONO, DIRECCION, EMAIL, SEXO, NACIMIENTO, CI, NACIONALIDAD) 
VALUES (99, 'Zoe','Young','00480870','8189 Cursus Carretera','Ut.nec.urna@justoProinnon.ca','M','07-08-1990','10283102','Colombia');
INSERT INTO PERSONA (ID_PERSONA, NOMBRES, APELLIDOS, TELEFONO, DIRECCION, EMAIL, SEXO, NACIMIENTO, CI, NACIONALIDAD) 
VALUES (100, 'Lunea','Combs','03567495','749 Amet Av.','sapien.cursus.in@auguescelerisque.org','M','12-04-1985','31119574','Cape Verde');
SET IDENTITY_INSERT PERSONA OFF 

SET IDENTITY_INSERT EMPRESA ON
INSERT INTO [dbo].[EMPRESA](ID_EMPRESA, [NOMBRE],[NIT],[PROPIETARIO],[RUT])
VALUES (1, 'TEAM BUILDING FUTURE', '654561223874512', 'JENS HARRISON MORALES', 52852574);
SET IDENTITY_INSERT EMPRESA OFF 

SET IDENTITY_INSERT SECCION ON
INSERT INTO [dbo].[SECCION] (ID_SECCION, ID_EMPRESA, [NOMBRE], [UBICACION])
     VALUES (1, 1, 'operaciones y logistica', 'Oficina 2, calle junin #465'),
			(2, 1, 'coordinacion adquisiciones', 'Oficina 2, calle junin #465'),
			(3, 1, 'administracion y recursos humanos', 'Ofinica 1, calle armando alba #123'),
			(4, 1, 'Gerencia General', 'Ofinica 1, calle armando alba #123');
SET IDENTITY_INSERT EMPRESA OFF 			

SET IDENTITY_INSERT SECCION ON
INSERT INTO [dbo].[OBRA]([ID_SECCION],[NOMBRE],[TELEFONO],[DIRECCION])
     VALUES (1,'edificio OLIVOS II', '65451552', 'zona temporal, calle 15 entre uyustus # 6545');
SET IDENTITY_INSERT SECCION OFF 

SET IDENTITY_INSERT EMPLEADO ON
INSERT INTO [dbo].[EMPLEADO](ID_EMPLEADO, [ID_PERSONA],[ID_SECCION],[CARGO],[TITULO],[FECHA_CONTRATACION],[ESTADO])
     VALUES
           (1,2, 1, 'topografo', 'Ing. civil', '09-15-2018', 'A'),
		   (2,1, 1, 'jefe de obra', 'Ing. civil', '01-26-2000', 'A'),
		   (3,5, 1, 'capataz', 'Tec. civil', '05-08-2008', 'A'),
		   (4,6, 1, 'subcontratista', 'cualquiera', '03-03-2012', 'A'),
		   (5,7, 1, 'maquinaria', 'conductor cat T', '03-03-2012', 'A'),
		   (6,8, 1, 'instalaciones y montaje', 'Ing, electronico', '03-03-2012', 'A'),
		   (7,9, 1, 'mantenimiento y control de maquinaria', 'Ing, civil', '03-03-2012', 'A'),
		   (8,10, 1, 'obrero', 'cualquiera', '03-03-2012', 'A'),
		   (9,11, 1, 'obrero', 'cualquiera', '03-03-2012', 'A'),
		   (10,12, 1, 'obrero', 'cualquiera', '03-03-2012', 'A'),
		   (11,13, 1, 'obrero', 'cualquiera', '03-03-2012', 'A'),
		   (12,11, 1, 'obrero', 'cualquiera', '03-03-2012', 'A');
SET IDENTITY_INSERT EMPLEADO OFF 

SET IDENTITY_INSERT TIPO_ARTEFACTO ON
INSERT INTO [dbo].[TIPO_ARTEFACTO] (ID_TIPO, [NOMBRE],[DESCRIPCION])
     VALUES 
           (1, 'EQUIPO SEGURIDAD', 'equipos de seguridad para la prevencion de accidentes'),
		   (2, 'VEHICULO', 'maquinaria para el transporte de personal, materiales o equipos de la empresa'),
		   (3, 'HERRAMIENTA', 'herramientas de trabajo para uso personal, como se martillos, palas, alicates.'),
		   (4, 'MAQUINA', 'maquinaria para realizar labores pesadas, amoladoras, prensa hidraulica, mescladora');
SET IDENTITY_INSERT TIPO_ARTEFACTO OFF



SET IDENTITY_INSERT ARTEFACTO ON
INSERT INTO [dbo].[ARTEFACTO]
           (ID_ARTEFACTO, [ID_TIPO],[NOMBRE],[MODELO],[CANTIDAD])
     VALUES
           (1, 3, 'martillo', 'trupper', 15),
		   (2, 3, 'pala', '' , 20),
		   (3, 3, 'picota', '', 19),
		   (4, 3, 'barra', '', 20),
		   (5, 3, 'cizalla', 'temmer',  10),
		   (6, 3, 'espatula', 'bol', 20),
		   (7, 3, 'tarraja', 'bol', 20),
		   (8, 3, 'nivel', 'trupper', 10),
		   (9, 3, 'carretilla', 'bol',  10),
		   (10, 3, 'alicate', 'general', 10),
		   (11, 3, 'cinta metrica', 'general', 20),
		   (12, 3, 'destornillador', 'bol', 50),
		   (13, 3, 'sierra', 'bol', 8),
		   (14, 4, 'taladro de martillo', 'trupper', 5),
		   (15, 4, 'bomba sumergible', 'A & C', 3),
		   (16, 4, 'sierra circular', 'A & C', 5),
		   (17, 4, 'amoladora', 'trupper', 5),
		   (18, 4, 'compactadora', 'AIEP', 5),
		   (19, 2, 'excavadora', 'CAT', 2),
		   (20, 2, 'nimicargadora', 'VOLVO', 2),
		   (21, 2, 'pala exacavadora', 'XCMG', 1),
		   (22, 2, 'camion', 'VOLVO', 2),
		   (23, 1, 'cascos', 'SCOOT', 10),
		   (24, 1, 'guantes', 'trupper', 30),
		   (25, 1, 'gafas', 'M3', 30),
		   (26, 1, 'guantes', 'trupper', 30),
		   (27, 1, 'arnes', 'G&M', 30),
		   (28, 1, 'cinta elastica', 'G&M', 30),
		   (29, 1, 'botas', 'trupper', 30),
		   (30, 1, 'chaleco reflectivo', 'G&M', 30),
		   (31, 1, 'mascarilla', 'trupper', 30),
		   (32, 1, 'tapones auditivos', 'trupper', 30),
		   (33, 1, 'señales', 'bol', 30);
SET IDENTITY_INSERT ARTEFACTO OFF

INSERT INTO [dbo].[DETALLE_ARTEFACTO]
           ([ID_ARTEFACTO],[SERIAL],[INGRESO],[ESTADO])
     VALUES
           (23, '561564613115', '01-08-2019', 'A'),
		   (25, '757656654', '01-08-2019', 'A'),
		   (26, '757656654', '01-08-2019', 'A'),
		   (27, '9461351351', '01-08-2019', 'A'),
		   (28, '9461351351', '01-08-2019', 'A'),
		   (29, '54545552', '01-08-2019', 'A'),
		   (30, '6546543514', '01-08-2019', 'A'),
		   (31, '21151515', '01-08-2019', 'A'),
		   (32, '848484', '01-08-2019', 'A'),
		   (33, '65452132', '01-08-2019', 'A'),
		   (19, '53165151313513', '08-08-2000', 'A'),
		   (20, '515454544444', '08-08-2000', 'A'),
		   (21, '64513201200', '08-08-2010', 'A'),
		   (22, '54554545412', '08-08-2008', 'A'),
		   (22, '51351313215', '11-08-2000', 'A'),
		   (19, '5418154512', '08-08-2000', 'A'),
		   (20, '84512451252', '08-02-2000', 'A');
		   

SET IDENTITY_INSERT TIPO_ACCIDENTE ON
INSERT INTO [dbo].[TIPO_ACCIDENTE]
           (ID_TIPO, [CODIGO],[DESCRIPCION])
     VALUES
           (1, 'lesion en actividad fisica deportiva', 'Es el accidente sufrido por el trabajador en eventos deportivos organizados o patrocinados por el empleador'),
		   (2, 'lesion en actividad recreativa', 'Es el accidente ocurrido en el desarrollo de actividades recreativas, deportivas o culturales organizadas y financiadas por el empleador '),
		   (3, 'lesion por violencia', 'Es el accidente que ocurre como consecuencia del uso intencional de la fuerza o el poder físico, de hecho o como amenaza, contra otra persona o comunidad'),
		   (4, 'lesion por accidente de transito', 'Suceso que se produce en vía pública o privada e involucra al menos un vehículo en movimiento'),
		   (5, 'atrapamiento', '	Es el accidente que ocasiona atrapamiento o arrastre de ropas o de partes del cuerpo de una persona por dos o más componentes móviles'),
		   (6, 'caida de altura', 'Es el accidente que se genera por cualquier caída de un trabajador desde una altura física mayor o igual a 1,50 metros'),
		   (7, 'Biologico', 'Es el que ocurre por contacto con agentes biológicos micro y macroorganismos como: virus, bacterias, hongos, parásitos'),
		   (8, 'caida de objeto', 'Es el accidente que ocurre al caer un objeto desde un nivel superior al nivel en el cual se encuentra el trabajador y lo golpea en alguna de las partes del cuerpo.'),
		   (9, 'Intoxicacion alimentaria', 'es la manifestación clínica ocasionada por la ingestión de alimentos o agua contaminados por bacterias, parásitos, virus o las toxinas producidos por estos microorganismos, o por agentes químicos'),
		   (10, 'Postura forzada o movimiento brusco y/o fallido', ' se genera por posiciones de trabajo que supongan que una o varias regiones anatómicas dejen de estar en una posición natural de confort para pasar a una posición forzada'),
		   (11, 'Sobreesfuerzo muscular', ' accidente asociado a la Manipulación Manual de cargas; la cual se entiende por cualquier actividad que requiera el uso de fuerza humana'),
		   (12, 'Cortes por o contra objetos', 'accidente que ocurre cuando alguna parte del cuerpo de un trabajador entra en contacto con objetos cortantes, punzantes o abrasivos'),
		   (13, 'Pisadas, choques o golpes', 'Es el accidente que ocurre mediante un impacto entre la persona lesionada y el agente de la lesión. Puede ser que el movimiento que produce el contacto es primordialmente el del objeto y no el de la persona'),
		   (14, 'Exposición con temperaturas extremas', 'accidente en el que el trabajador se lesiona por contacto con superficies o productos calientes o fríos'),
		   (15, 'Exposición o contacto con electricidad', 'accidente en el que el trabajador resulta lesionado por contacto directo con partes activas en tensión (energías o corriente eléctrica)'),
		   (16, 'Exposición o contacto con sustancias químicas', 'Es el accidente en el que el trabajador resulta afectado en su salud por efectos de inhalación, contacto dérmico o ingestión de productos o sustancias químicas'),
		   (17, 'Sofocamiento mecánico', 'Es el accidente en el que el trabajador presenta una alteración mecánica para el ingreso del aire a los pulmones'),
		   (18, 'Otro', 'accidente en el que el trabajador resulta lesionado física y/o psicológicamente');
SET IDENTITY_INSERT TIPO_ACCIDENTE OFF		  

INSERT INTO [dbo].[ACCIDENTE]
           ([ID_TIPO],[FECHA],[DETALLE],[LUGAR],[DETALLE_EMPLEADO])
     VALUES
           (13, '01-24-2019 15:35:22', 'el trabajador se encontraba realizando su labor habitual, se enredo con un de los tubos y le ocaciono una herida en el dedo menique de la mano izquierda, sufrio fractura', 'area de montaje', 'al parecer los tubos estaban mal sugetados, es estonces que decidi arrinconarlos un poco, entonces el alambre que sostenia los tubos se solto e intente agarrarlos, ahi es donde uno de los tubos me golpeo.'),
		   (15, '01-05-2019 15:35:22', 'Durante la realización de los trabajos en el exterior de la obra, el trabajador fue al poste de luz, creyendo que se había cortado el suministro eléctrico en el interior del mismo. El accidentado recibió una descarga eléctrica al contactar con el embarrado de la celda', 'entrada a la obra', ''),
		   (6, '01-05-2019 15:35:22', 'El trabajador cayó por el hueco del edificio desde la tercera planta cuando trataban de descender una saca que contenía varias piezas de máquina.', 'obra gruesa tercer piso', ''),
		   (5, '01-05-2019 15:35:22', 'Cuando realizaba uno de los taladros, al acercar la mano para apartar la viruta, el taladro enganchó el guante y la mano y el brazo fueron arrastrados hacia la maquina.', 'obra gruesa', 'el guante quedo enganchado en el taladro, creo q los guantes que me traje eran muy viejos'),
		   (4, '01-05-2019 15:35:22', 'Al realizar un giro muy cerrado para recoger materiales detrabajo el operario cayó de la estribera al suelo, sufriendo un fuerte golpe en la cabeza', 'camion de transporte', ''); 

COMMIT TRANSACTION;